{"r2_score": 0.9505494505494505, "accuracy": 0.9722222222222222}